category,n_docs,min_cluster_size,is_scaled,umap_n_neighbors,umap_n_components,min_samples,n_topics,outlier_pct,config_name
cs.AI,7369,30,False,10,5,5,60,29.84,cs.AI_mcs30_nn10_nc5_ms5
cs.AI,7369,30,False,10,5,10,50,31.39,cs.AI_mcs30_nn10_nc5_ms10
cs.AI,7369,30,False,10,10,5,58,26.98,cs.AI_mcs30_nn10_nc10_ms5
cs.AI,7369,30,False,10,10,10,49,32.39,cs.AI_mcs30_nn10_nc10_ms10
cs.AI,7369,30,False,15,5,5,63,32.0,cs.AI_mcs30_nn15_nc5_ms5
cs.AI,7369,30,False,15,5,10,52,36.36,cs.AI_mcs30_nn15_nc5_ms10
cs.AI,7369,30,False,15,10,5,61,33.67,cs.AI_mcs30_nn15_nc10_ms5
cs.AI,7369,30,False,15,10,10,52,37.92,cs.AI_mcs30_nn15_nc10_ms10
cs.AI,7369,30,False,30,5,5,55,40.33,cs.AI_mcs30_nn30_nc5_ms5
cs.AI,7369,30,False,30,5,10,48,44.58,cs.AI_mcs30_nn30_nc5_ms10
cs.AI,7369,30,False,30,10,5,47,39.72,cs.AI_mcs30_nn30_nc10_ms5
cs.AI,7369,30,False,30,10,10,41,39.16,cs.AI_mcs30_nn30_nc10_ms10
cs.AI,7369,50,False,10,5,5,36,28.25,cs.AI_mcs50_nn10_nc5_ms5
cs.AI,7369,50,False,10,5,10,30,25.06,cs.AI_mcs50_nn10_nc5_ms10
cs.AI,7369,50,False,10,10,5,37,32.46,cs.AI_mcs50_nn10_nc10_ms5
cs.AI,7369,50,False,10,10,10,33,35.16,cs.AI_mcs50_nn10_nc10_ms10
cs.AI,7369,50,False,15,5,5,35,32.23,cs.AI_mcs50_nn15_nc5_ms5
cs.AI,7369,50,False,15,5,10,36,37.18,cs.AI_mcs50_nn15_nc5_ms10
cs.AI,7369,50,False,15,10,5,33,31.24,cs.AI_mcs50_nn15_nc10_ms5
cs.AI,7369,50,False,15,10,10,35,37.71,cs.AI_mcs50_nn15_nc10_ms10
cs.AI,7369,50,False,30,5,5,31,38.91,cs.AI_mcs50_nn30_nc5_ms5
cs.AI,7369,50,False,30,5,10,29,41.08,cs.AI_mcs50_nn30_nc5_ms10
cs.AI,7369,50,False,30,10,5,32,38.13,cs.AI_mcs50_nn30_nc10_ms5
cs.AI,7369,50,False,30,10,10,28,35.01,cs.AI_mcs50_nn30_nc10_ms10
cs.AI,7369,80,False,10,5,5,25,30.49,cs.AI_mcs80_nn10_nc5_ms5
cs.AI,7369,80,False,10,5,10,22,28.84,cs.AI_mcs80_nn10_nc5_ms10
cs.AI,7369,80,False,10,10,5,21,29.57,cs.AI_mcs80_nn10_nc10_ms5
cs.AI,7369,80,False,10,10,10,23,38.51,cs.AI_mcs80_nn10_nc10_ms10
cs.AI,7369,80,False,15,5,5,18,28.54,cs.AI_mcs80_nn15_nc5_ms5
cs.AI,7369,80,False,15,5,10,23,34.29,cs.AI_mcs80_nn15_nc5_ms10
cs.AI,7369,80,False,15,10,5,2,0.2,cs.AI_mcs80_nn15_nc10_ms5
cs.AI,7369,80,False,15,10,10,2,0.18,cs.AI_mcs80_nn15_nc10_ms10
cs.AI,7369,80,False,30,5,5,2,2.33,cs.AI_mcs80_nn30_nc5_ms5
cs.AI,7369,80,False,30,5,10,7,18.44,cs.AI_mcs80_nn30_nc5_ms10
cs.AI,7369,80,False,30,10,5,16,29.22,cs.AI_mcs80_nn30_nc10_ms5
cs.AI,7369,80,False,30,10,10,17,32.54,cs.AI_mcs80_nn30_nc10_ms10
cs.AI,7369,120,False,10,5,5,2,0.53,cs.AI_mcs120_nn10_nc5_ms5
cs.AI,7369,120,False,10,5,10,2,2.06,cs.AI_mcs120_nn10_nc5_ms10
cs.AI,7369,120,False,10,10,5,16,29.91,cs.AI_mcs120_nn10_nc10_ms5
cs.AI,7369,120,False,10,10,10,16,38.85,cs.AI_mcs120_nn10_nc10_ms10
cs.AI,7369,120,False,15,5,5,15,29.18,cs.AI_mcs120_nn15_nc5_ms5
cs.AI,7369,120,False,15,5,10,12,35.34,cs.AI_mcs120_nn15_nc5_ms10
cs.AI,7369,120,False,15,10,5,11,28.84,cs.AI_mcs120_nn15_nc10_ms5
cs.AI,7369,120,False,15,10,10,13,34.88,cs.AI_mcs120_nn15_nc10_ms10
cs.AI,7369,120,False,30,5,5,12,42.52,cs.AI_mcs120_nn30_nc5_ms5
cs.AI,7369,120,False,30,5,10,5,19.26,cs.AI_mcs120_nn30_nc5_ms10
cs.AI,7369,120,False,30,10,5,11,27.18,cs.AI_mcs120_nn30_nc10_ms5
cs.AI,7369,120,False,30,10,10,11,33.4,cs.AI_mcs120_nn30_nc10_ms10
cs.AI,7369,184,True,10,5,5,2,0.53,cs.AI_mcs184_nn10_nc5_ms5
cs.AI,7369,184,True,10,5,10,2,2.06,cs.AI_mcs184_nn10_nc5_ms10
cs.AI,7369,184,True,10,10,5,11,34.78,cs.AI_mcs184_nn10_nc10_ms5
cs.AI,7369,184,True,10,10,10,8,31.44,cs.AI_mcs184_nn10_nc10_ms10
cs.AI,7369,184,True,15,5,5,11,33.52,cs.AI_mcs184_nn15_nc5_ms5
cs.AI,7369,184,True,15,5,10,5,20.8,cs.AI_mcs184_nn15_nc5_ms10
cs.AI,7369,184,True,15,10,5,8,26.98,cs.AI_mcs184_nn15_nc10_ms5
cs.AI,7369,184,True,15,10,10,6,25.09,cs.AI_mcs184_nn15_nc10_ms10
cs.AI,7369,184,True,30,5,5,8,35.08,cs.AI_mcs184_nn30_nc5_ms5
cs.AI,7369,184,True,30,5,10,4,18.69,cs.AI_mcs184_nn30_nc5_ms10
cs.AI,7369,184,True,30,10,5,8,23.73,cs.AI_mcs184_nn30_nc10_ms5
cs.AI,7369,184,True,30,10,10,9,30.98,cs.AI_mcs184_nn30_nc10_ms10
cs.AI,7369,200,False,10,5,5,2,0.53,cs.AI_mcs200_nn10_nc5_ms5
cs.AI,7369,200,False,10,5,10,2,2.06,cs.AI_mcs200_nn10_nc5_ms10
cs.AI,7369,200,False,10,10,5,11,34.78,cs.AI_mcs200_nn10_nc10_ms5
cs.AI,7369,200,False,10,10,10,8,31.44,cs.AI_mcs200_nn10_nc10_ms10
cs.AI,7369,200,False,15,5,5,11,33.52,cs.AI_mcs200_nn15_nc5_ms5
cs.AI,7369,200,False,15,5,10,5,20.8,cs.AI_mcs200_nn15_nc5_ms10
cs.AI,7369,200,False,15,10,5,8,26.98,cs.AI_mcs200_nn15_nc10_ms5
cs.AI,7369,200,False,15,10,10,6,25.09,cs.AI_mcs200_nn15_nc10_ms10
cs.AI,7369,200,False,30,5,5,8,35.08,cs.AI_mcs200_nn30_nc5_ms5
cs.AI,7369,200,False,30,5,10,4,18.69,cs.AI_mcs200_nn30_nc5_ms10
cs.AI,7369,200,False,30,10,5,2,7.31,cs.AI_mcs200_nn30_nc10_ms5
cs.AI,7369,200,False,30,10,10,9,30.98,cs.AI_mcs200_nn30_nc10_ms10
cs.LG,10746,30,False,10,5,5,94,25.39,cs.LG_mcs30_nn10_nc5_ms5
cs.LG,10746,30,False,10,5,10,81,26.81,cs.LG_mcs30_nn10_nc5_ms10
cs.LG,10746,30,False,10,10,5,83,23.57,cs.LG_mcs30_nn10_nc10_ms5
cs.LG,10746,30,False,10,10,10,80,28.23,cs.LG_mcs30_nn10_nc10_ms10
cs.LG,10746,30,False,15,5,5,89,29.21,cs.LG_mcs30_nn15_nc5_ms5
cs.LG,10746,30,False,15,5,10,79,28.94,cs.LG_mcs30_nn15_nc5_ms10
cs.LG,10746,30,False,15,10,5,80,26.57,cs.LG_mcs30_nn15_nc10_ms5
cs.LG,10746,30,False,15,10,10,81,29.02,cs.LG_mcs30_nn15_nc10_ms10
cs.LG,10746,30,False,30,5,5,77,33.41,cs.LG_mcs30_nn30_nc5_ms5
cs.LG,10746,30,False,30,5,10,75,32.3,cs.LG_mcs30_nn30_nc5_ms10
cs.LG,10746,30,False,30,10,5,79,31.17,cs.LG_mcs30_nn30_nc10_ms5
cs.LG,10746,30,False,30,10,10,72,33.4,cs.LG_mcs30_nn30_nc10_ms10
cs.LG,10746,50,False,10,5,5,52,28.86,cs.LG_mcs50_nn10_nc5_ms5
cs.LG,10746,50,False,10,5,10,47,28.97,cs.LG_mcs50_nn10_nc5_ms10
cs.LG,10746,50,False,10,10,5,48,24.43,cs.LG_mcs50_nn10_nc10_ms5
cs.LG,10746,50,False,10,10,10,47,25.06,cs.LG_mcs50_nn10_nc10_ms10
cs.LG,10746,50,False,15,5,5,45,28.38,cs.LG_mcs50_nn15_nc5_ms5
cs.LG,10746,50,False,15,5,10,43,26.53,cs.LG_mcs50_nn15_nc5_ms10
cs.LG,10746,50,False,15,10,5,47,27.75,cs.LG_mcs50_nn15_nc10_ms5
cs.LG,10746,50,False,15,10,10,43,25.28,cs.LG_mcs50_nn15_nc10_ms10
cs.LG,10746,50,False,30,5,5,42,30.61,cs.LG_mcs50_nn30_nc5_ms5
cs.LG,10746,50,False,30,5,10,42,34.66,cs.LG_mcs50_nn30_nc5_ms10
cs.LG,10746,50,False,30,10,5,42,28.89,cs.LG_mcs50_nn30_nc10_ms5
cs.LG,10746,50,False,30,10,10,40,30.82,cs.LG_mcs50_nn30_nc10_ms10
cs.LG,10746,80,False,10,5,5,30,17.9,cs.LG_mcs80_nn10_nc5_ms5
cs.LG,10746,80,False,10,5,10,28,16.49,cs.LG_mcs80_nn10_nc5_ms10
cs.LG,10746,80,False,10,10,5,31,16.49,cs.LG_mcs80_nn10_nc10_ms5
cs.LG,10746,80,False,10,10,10,33,19.54,cs.LG_mcs80_nn10_nc10_ms10
cs.LG,10746,80,False,15,5,5,34,26.7,cs.LG_mcs80_nn15_nc5_ms5
cs.LG,10746,80,False,15,5,10,33,26.95,cs.LG_mcs80_nn15_nc5_ms10
cs.LG,10746,80,False,15,10,5,36,26.98,cs.LG_mcs80_nn15_nc10_ms5
cs.LG,10746,80,False,15,10,10,33,26.67,cs.LG_mcs80_nn15_nc10_ms10
cs.LG,10746,80,False,30,5,5,35,29.83,cs.LG_mcs80_nn30_nc5_ms5
cs.LG,10746,80,False,30,5,10,30,24.39,cs.LG_mcs80_nn30_nc5_ms10
cs.LG,10746,80,False,30,10,5,31,28.31,cs.LG_mcs80_nn30_nc10_ms5
cs.LG,10746,80,False,30,10,10,31,28.54,cs.LG_mcs80_nn30_nc10_ms10
cs.LG,10746,120,False,10,5,5,24,17.01,cs.LG_mcs120_nn10_nc5_ms5
cs.LG,10746,120,False,10,5,10,25,18.5,cs.LG_mcs120_nn10_nc5_ms10
cs.LG,10746,120,False,10,10,5,23,15.81,cs.LG_mcs120_nn10_nc10_ms5
cs.LG,10746,120,False,10,10,10,25,17.23,cs.LG_mcs120_nn10_nc10_ms10
cs.LG,10746,120,False,15,5,5,26,27.42,cs.LG_mcs120_nn15_nc5_ms5
cs.LG,10746,120,False,15,5,10,26,27.37,cs.LG_mcs120_nn15_nc5_ms10
cs.LG,10746,120,False,15,10,5,23,17.95,cs.LG_mcs120_nn15_nc10_ms5
cs.LG,10746,120,False,15,10,10,26,23.93,cs.LG_mcs120_nn15_nc10_ms10
cs.LG,10746,120,False,30,5,5,25,25.89,cs.LG_mcs120_nn30_nc5_ms5
cs.LG,10746,120,False,30,5,10,25,25.13,cs.LG_mcs120_nn30_nc5_ms10
cs.LG,10746,120,False,30,10,5,23,31.03,cs.LG_mcs120_nn30_nc10_ms5
cs.LG,10746,120,False,30,10,10,24,29.95,cs.LG_mcs120_nn30_nc10_ms10
cs.LG,10746,200,False,10,5,5,14,21.1,cs.LG_mcs200_nn10_nc5_ms5
cs.LG,10746,200,False,10,5,10,14,21.99,cs.LG_mcs200_nn10_nc5_ms10
cs.LG,10746,200,False,10,10,5,15,23.94,cs.LG_mcs200_nn10_nc10_ms5
cs.LG,10746,200,False,10,10,10,15,22.73,cs.LG_mcs200_nn10_nc10_ms10
cs.LG,10746,200,False,15,5,5,13,19.7,cs.LG_mcs200_nn15_nc5_ms5
cs.LG,10746,200,False,15,5,10,12,23.35,cs.LG_mcs200_nn15_nc5_ms10
cs.LG,10746,200,False,15,10,5,15,23.6,cs.LG_mcs200_nn15_nc10_ms5
cs.LG,10746,200,False,15,10,10,16,32.55,cs.LG_mcs200_nn15_nc10_ms10
cs.LG,10746,200,False,30,5,5,18,27.96,cs.LG_mcs200_nn30_nc5_ms5
cs.LG,10746,200,False,30,5,10,18,29.04,cs.LG_mcs200_nn30_nc5_ms10
cs.LG,10746,200,False,30,10,5,15,25.87,cs.LG_mcs200_nn30_nc10_ms5
cs.LG,10746,200,False,30,10,10,12,20.76,cs.LG_mcs200_nn30_nc10_ms10
cs.LG,10746,268,True,10,5,5,13,19.43,cs.LG_mcs268_nn10_nc5_ms5
cs.LG,10746,268,True,10,5,10,12,19.98,cs.LG_mcs268_nn10_nc5_ms10
cs.LG,10746,268,True,10,10,5,13,23.11,cs.LG_mcs268_nn10_nc10_ms5
cs.LG,10746,268,True,10,10,10,13,22.41,cs.LG_mcs268_nn10_nc10_ms10
cs.LG,10746,268,True,15,5,5,11,19.45,cs.LG_mcs268_nn15_nc5_ms5
cs.LG,10746,268,True,15,5,10,11,23.3,cs.LG_mcs268_nn15_nc5_ms10
cs.LG,10746,268,True,15,10,5,13,28.29,cs.LG_mcs268_nn15_nc10_ms5
cs.LG,10746,268,True,15,10,10,13,32.52,cs.LG_mcs268_nn15_nc10_ms10
cs.LG,10746,268,True,30,5,5,11,20.04,cs.LG_mcs268_nn30_nc5_ms5
cs.LG,10746,268,True,30,5,10,11,22.35,cs.LG_mcs268_nn30_nc5_ms10
cs.LG,10746,268,True,30,10,5,11,29.48,cs.LG_mcs268_nn30_nc10_ms5
cs.LG,10746,268,True,30,10,10,11,17.55,cs.LG_mcs268_nn30_nc10_ms10
cs.CV,14163,30,False,10,5,5,141,21.61,cs.CV_mcs30_nn10_nc5_ms5
cs.CV,14163,30,False,10,5,10,131,23.03,cs.CV_mcs30_nn10_nc5_ms10
cs.CV,14163,30,False,10,10,5,138,23.39,cs.CV_mcs30_nn10_nc10_ms5
cs.CV,14163,30,False,10,10,10,132,25.16,cs.CV_mcs30_nn10_nc10_ms10
cs.CV,14163,30,False,15,5,5,131,24.11,cs.CV_mcs30_nn15_nc5_ms5
cs.CV,14163,30,False,15,5,10,125,26.27,cs.CV_mcs30_nn15_nc5_ms10
cs.CV,14163,30,False,15,10,5,128,24.44,cs.CV_mcs30_nn15_nc10_ms5
cs.CV,14163,30,False,15,10,10,125,27.75,cs.CV_mcs30_nn15_nc10_ms10
cs.CV,14163,30,False,30,5,5,121,27.08,cs.CV_mcs30_nn30_nc5_ms5
cs.CV,14163,30,False,30,5,10,108,30.52,cs.CV_mcs30_nn30_nc5_ms10
cs.CV,14163,30,False,30,10,5,120,27.75,cs.CV_mcs30_nn30_nc10_ms5
cs.CV,14163,30,False,30,10,10,114,31.97,cs.CV_mcs30_nn30_nc10_ms10
cs.CV,14163,50,False,10,5,5,82,22.08,cs.CV_mcs50_nn10_nc5_ms5
cs.CV,14163,50,False,10,5,10,76,20.51,cs.CV_mcs50_nn10_nc5_ms10
cs.CV,14163,50,False,10,10,5,81,25.62,cs.CV_mcs50_nn10_nc10_ms5
cs.CV,14163,50,False,10,10,10,81,26.44,cs.CV_mcs50_nn10_nc10_ms10
cs.CV,14163,50,False,15,5,5,76,24.06,cs.CV_mcs50_nn15_nc5_ms5
cs.CV,14163,50,False,15,5,10,72,27.65,cs.CV_mcs50_nn15_nc5_ms10
cs.CV,14163,50,False,15,10,5,75,27.37,cs.CV_mcs50_nn15_nc10_ms5
cs.CV,14163,50,False,15,10,10,71,26.69,cs.CV_mcs50_nn15_nc10_ms10
cs.CV,14163,50,False,30,5,5,76,27.49,cs.CV_mcs50_nn30_nc5_ms5
cs.CV,14163,50,False,30,5,10,72,30.95,cs.CV_mcs50_nn30_nc5_ms10
cs.CV,14163,50,False,30,10,5,71,28.4,cs.CV_mcs50_nn30_nc10_ms5
cs.CV,14163,50,False,30,10,10,65,28.82,cs.CV_mcs50_nn30_nc10_ms10
cs.CV,14163,80,False,10,5,5,55,26.65,cs.CV_mcs80_nn10_nc5_ms5
cs.CV,14163,80,False,10,5,10,52,24.13,cs.CV_mcs80_nn10_nc5_ms10
cs.CV,14163,80,False,10,10,5,51,28.07,cs.CV_mcs80_nn10_nc10_ms5
cs.CV,14163,80,False,10,10,10,47,26.77,cs.CV_mcs80_nn10_nc10_ms10
cs.CV,14163,80,False,15,5,5,49,29.37,cs.CV_mcs80_nn15_nc5_ms5
cs.CV,14163,80,False,15,5,10,43,32.54,cs.CV_mcs80_nn15_nc5_ms10
cs.CV,14163,80,False,15,10,5,44,31.48,cs.CV_mcs80_nn15_nc10_ms5
cs.CV,14163,80,False,15,10,10,41,24.92,cs.CV_mcs80_nn15_nc10_ms10
cs.CV,14163,80,False,30,5,5,48,32.03,cs.CV_mcs80_nn30_nc5_ms5
cs.CV,14163,80,False,30,5,10,44,34.01,cs.CV_mcs80_nn30_nc5_ms10
cs.CV,14163,80,False,30,10,5,40,31.64,cs.CV_mcs80_nn30_nc10_ms5
cs.CV,14163,80,False,30,10,10,40,32.37,cs.CV_mcs80_nn30_nc10_ms10
cs.CV,14163,120,False,10,5,5,28,24.59,cs.CV_mcs120_nn10_nc5_ms5
cs.CV,14163,120,False,10,5,10,29,21.34,cs.CV_mcs120_nn10_nc5_ms10
cs.CV,14163,120,False,10,10,5,32,31.08,cs.CV_mcs120_nn10_nc10_ms5
cs.CV,14163,120,False,10,10,10,26,28.02,cs.CV_mcs120_nn10_nc10_ms10
cs.CV,14163,120,False,15,5,5,27,28.63,cs.CV_mcs120_nn15_nc5_ms5
cs.CV,14163,120,False,15,5,10,27,28.85,cs.CV_mcs120_nn15_nc5_ms10
cs.CV,14163,120,False,15,10,5,27,28.89,cs.CV_mcs120_nn15_nc10_ms5
cs.CV,14163,120,False,15,10,10,27,24.16,cs.CV_mcs120_nn15_nc10_ms10
cs.CV,14163,120,False,30,5,5,26,33.09,cs.CV_mcs120_nn30_nc5_ms5
cs.CV,14163,120,False,30,5,10,27,34.44,cs.CV_mcs120_nn30_nc5_ms10
cs.CV,14163,120,False,30,10,5,25,31.0,cs.CV_mcs120_nn30_nc10_ms5
cs.CV,14163,120,False,30,10,10,22,29.95,cs.CV_mcs120_nn30_nc10_ms10
cs.CV,14163,200,False,10,5,5,21,29.27,cs.CV_mcs200_nn10_nc5_ms5
cs.CV,14163,200,False,10,5,10,20,23.84,cs.CV_mcs200_nn10_nc5_ms10
cs.CV,14163,200,False,10,10,5,20,24.83,cs.CV_mcs200_nn10_nc10_ms5
cs.CV,14163,200,False,10,10,10,20,27.25,cs.CV_mcs200_nn10_nc10_ms10
cs.CV,14163,200,False,15,5,5,20,27.11,cs.CV_mcs200_nn15_nc5_ms5
cs.CV,14163,200,False,15,5,10,18,25.62,cs.CV_mcs200_nn15_nc5_ms10
cs.CV,14163,200,False,15,10,5,21,25.76,cs.CV_mcs200_nn15_nc10_ms5
cs.CV,14163,200,False,15,10,10,22,24.75,cs.CV_mcs200_nn15_nc10_ms10
cs.CV,14163,200,False,30,5,5,20,36.77,cs.CV_mcs200_nn30_nc5_ms5
cs.CV,14163,200,False,30,5,10,18,31.51,cs.CV_mcs200_nn30_nc5_ms10
cs.CV,14163,200,False,30,10,5,21,34.17,cs.CV_mcs200_nn30_nc10_ms5
cs.CV,14163,200,False,30,10,10,19,32.12,cs.CV_mcs200_nn30_nc10_ms10
cs.CV,14163,354,True,10,5,5,12,36.03,cs.CV_mcs354_nn10_nc5_ms5
cs.CV,14163,354,True,10,5,10,13,32.42,cs.CV_mcs354_nn10_nc5_ms10
cs.CV,14163,354,True,10,10,5,2,7.51,cs.CV_mcs354_nn10_nc10_ms5
cs.CV,14163,354,True,10,10,10,11,38.67,cs.CV_mcs354_nn10_nc10_ms10
cs.CV,14163,354,True,15,5,5,10,33.91,cs.CV_mcs354_nn15_nc5_ms5
cs.CV,14163,354,True,15,5,10,11,34.41,cs.CV_mcs354_nn15_nc5_ms10
cs.CV,14163,354,True,15,10,5,2,14.41,cs.CV_mcs354_nn15_nc10_ms5
cs.CV,14163,354,True,15,10,10,11,32.7,cs.CV_mcs354_nn15_nc10_ms10
cs.CV,14163,354,True,30,5,5,6,28.25,cs.CV_mcs354_nn30_nc5_ms5
cs.CV,14163,354,True,30,5,10,12,43.63,cs.CV_mcs354_nn30_nc5_ms10
cs.CV,14163,354,True,30,10,5,12,50.17,cs.CV_mcs354_nn30_nc10_ms5
cs.CV,14163,354,True,30,10,10,11,37.83,cs.CV_mcs354_nn30_nc10_ms10
cs.IR,3076,30,False,10,5,5,26,24.41,cs.IR_mcs30_nn10_nc5_ms5
cs.IR,3076,30,False,10,5,10,23,33.65,cs.IR_mcs30_nn10_nc5_ms10
cs.IR,3076,30,False,10,10,5,23,23.41,cs.IR_mcs30_nn10_nc10_ms5
cs.IR,3076,30,False,10,10,10,25,30.17,cs.IR_mcs30_nn10_nc10_ms10
cs.IR,3076,30,False,15,5,5,26,26.69,cs.IR_mcs30_nn15_nc5_ms5
cs.IR,3076,30,False,15,5,10,13,17.17,cs.IR_mcs30_nn15_nc5_ms10
cs.IR,3076,30,False,15,10,5,26,31.21,cs.IR_mcs30_nn15_nc10_ms5
cs.IR,3076,30,False,15,10,10,19,33.22,cs.IR_mcs30_nn15_nc10_ms10
cs.IR,3076,30,False,30,5,5,24,30.33,cs.IR_mcs30_nn30_nc5_ms5
cs.IR,3076,30,False,30,5,10,20,38.88,cs.IR_mcs30_nn30_nc5_ms10
cs.IR,3076,30,False,30,10,5,20,26.63,cs.IR_mcs30_nn30_nc10_ms5
cs.IR,3076,30,False,30,10,10,21,34.3,cs.IR_mcs30_nn30_nc10_ms10
cs.IR,3076,50,False,10,5,5,16,25.46,cs.IR_mcs50_nn10_nc5_ms5
cs.IR,3076,50,False,10,5,10,13,33.0,cs.IR_mcs50_nn10_nc5_ms10
cs.IR,3076,50,False,10,10,5,14,29.13,cs.IR_mcs50_nn10_nc10_ms5
cs.IR,3076,50,False,10,10,10,15,30.3,cs.IR_mcs50_nn10_nc10_ms10
cs.IR,3076,50,False,15,5,5,17,31.57,cs.IR_mcs50_nn15_nc5_ms5
cs.IR,3076,50,False,15,5,10,10,17.3,cs.IR_mcs50_nn15_nc5_ms10
cs.IR,3076,50,False,15,10,5,12,32.54,cs.IR_mcs50_nn15_nc10_ms5
cs.IR,3076,50,False,15,10,10,12,36.44,cs.IR_mcs50_nn15_nc10_ms10
cs.IR,3076,50,False,30,5,5,14,32.83,cs.IR_mcs50_nn30_nc5_ms5
cs.IR,3076,50,False,30,5,10,15,38.88,cs.IR_mcs50_nn30_nc5_ms10
cs.IR,3076,50,False,30,10,5,14,30.07,cs.IR_mcs50_nn30_nc10_ms5
cs.IR,3076,50,False,30,10,10,14,37.03,cs.IR_mcs50_nn30_nc10_ms10
cs.IR,3076,76,True,10,5,5,2,4.65,cs.IR_mcs76_nn10_nc5_ms5
cs.IR,3076,76,True,10,5,10,2,5.33,cs.IR_mcs76_nn10_nc5_ms10
cs.IR,3076,76,True,10,10,5,10,34.82,cs.IR_mcs76_nn10_nc10_ms5
cs.IR,3076,76,True,10,10,10,11,33.68,cs.IR_mcs76_nn10_nc10_ms10
cs.IR,3076,76,True,15,5,5,3,5.23,cs.IR_mcs76_nn15_nc5_ms5
cs.IR,3076,76,True,15,5,10,5,15.34,cs.IR_mcs76_nn15_nc5_ms10
cs.IR,3076,76,True,15,10,5,9,33.55,cs.IR_mcs76_nn15_nc10_ms5
cs.IR,3076,76,True,15,10,10,7,37.78,cs.IR_mcs76_nn15_nc10_ms10
cs.IR,3076,76,True,30,5,5,7,26.17,cs.IR_mcs76_nn30_nc5_ms5
cs.IR,3076,76,True,30,5,10,6,29.29,cs.IR_mcs76_nn30_nc5_ms10
cs.IR,3076,76,True,30,10,5,11,34.1,cs.IR_mcs76_nn30_nc10_ms5
cs.IR,3076,76,True,30,10,10,6,29.68,cs.IR_mcs76_nn30_nc10_ms10
cs.IR,3076,80,False,10,5,5,11,26.92,cs.IR_mcs80_nn10_nc5_ms5
cs.IR,3076,80,False,10,5,10,9,38.52,cs.IR_mcs80_nn10_nc5_ms10
cs.IR,3076,80,False,10,10,5,10,34.82,cs.IR_mcs80_nn10_nc10_ms5
cs.IR,3076,80,False,10,10,10,10,29.55,cs.IR_mcs80_nn10_nc10_ms10
cs.IR,3076,80,False,15,5,5,2,5.14,cs.IR_mcs80_nn15_nc5_ms5
cs.IR,3076,80,False,15,5,10,3,4.52,cs.IR_mcs80_nn15_nc5_ms10
cs.IR,3076,80,False,15,10,5,9,33.55,cs.IR_mcs80_nn15_nc10_ms5
cs.IR,3076,80,False,15,10,10,7,37.78,cs.IR_mcs80_nn15_nc10_ms10
cs.IR,3076,80,False,30,5,5,7,26.17,cs.IR_mcs80_nn30_nc5_ms5
cs.IR,3076,80,False,30,5,10,6,29.29,cs.IR_mcs80_nn30_nc5_ms10
cs.IR,3076,80,False,30,10,5,10,36.67,cs.IR_mcs80_nn30_nc10_ms5
cs.IR,3076,80,False,30,10,10,6,29.68,cs.IR_mcs80_nn30_nc10_ms10
cs.IR,3076,120,False,10,5,5,6,18.73,cs.IR_mcs120_nn10_nc5_ms5
cs.IR,3076,120,False,10,5,10,6,35.4,cs.IR_mcs120_nn10_nc5_ms10
cs.IR,3076,120,False,10,10,5,8,27.76,cs.IR_mcs120_nn10_nc10_ms5
cs.IR,3076,120,False,10,10,10,5,22.07,cs.IR_mcs120_nn10_nc10_ms10
cs.IR,3076,120,False,15,5,5,2,5.14,cs.IR_mcs120_nn15_nc5_ms5
cs.IR,3076,120,False,15,5,10,3,4.52,cs.IR_mcs120_nn15_nc5_ms10
cs.IR,3076,120,False,15,10,5,4,16.25,cs.IR_mcs120_nn15_nc10_ms5
cs.IR,3076,120,False,15,10,10,2,11.64,cs.IR_mcs120_nn15_nc10_ms10
cs.IR,3076,120,False,30,5,5,5,24.74,cs.IR_mcs120_nn30_nc5_ms5
cs.IR,3076,120,False,30,5,10,2,11.96,cs.IR_mcs120_nn30_nc5_ms10
cs.IR,3076,120,False,30,10,5,9,39.76,cs.IR_mcs120_nn30_nc10_ms5
cs.IR,3076,120,False,30,10,10,2,8.62,cs.IR_mcs120_nn30_nc10_ms10
cs.IR,3076,200,False,10,5,5,5,22.98,cs.IR_mcs200_nn10_nc5_ms5
cs.IR,3076,200,False,10,5,10,4,25.52,cs.IR_mcs200_nn10_nc5_ms10
cs.IR,3076,200,False,10,10,5,4,18.34,cs.IR_mcs200_nn10_nc10_ms5
cs.IR,3076,200,False,10,10,10,5,22.07,cs.IR_mcs200_nn10_nc10_ms10
cs.IR,3076,200,False,15,5,5,2,5.14,cs.IR_mcs200_nn15_nc5_ms5
cs.IR,3076,200,False,15,5,10,3,4.52,cs.IR_mcs200_nn15_nc5_ms10
cs.IR,3076,200,False,15,10,5,2,11.54,cs.IR_mcs200_nn15_nc10_ms5
cs.IR,3076,200,False,15,10,10,2,11.64,cs.IR_mcs200_nn15_nc10_ms10
cs.IR,3076,200,False,30,5,5,2,12.09,cs.IR_mcs200_nn30_nc5_ms5
cs.IR,3076,200,False,30,5,10,2,11.96,cs.IR_mcs200_nn30_nc5_ms10
cs.IR,3076,200,False,30,10,5,3,18.08,cs.IR_mcs200_nn30_nc10_ms5
cs.IR,3076,200,False,30,10,10,2,8.62,cs.IR_mcs200_nn30_nc10_ms10
cs.DB,1532,30,False,10,5,5,4,0.0,cs.DB_mcs30_nn10_nc5_ms5
cs.DB,1532,30,False,10,5,10,18,25.98,cs.DB_mcs30_nn10_nc5_ms10
cs.DB,1532,30,False,10,10,5,19,31.46,cs.DB_mcs30_nn10_nc10_ms5
cs.DB,1532,30,False,10,10,10,5,1.24,cs.DB_mcs30_nn10_nc10_ms10
cs.DB,1532,30,False,15,5,5,4,0.0,cs.DB_mcs30_nn15_nc5_ms5
cs.DB,1532,30,False,15,5,10,4,0.0,cs.DB_mcs30_nn15_nc5_ms10
cs.DB,1532,30,False,15,10,5,4,0.0,cs.DB_mcs30_nn15_nc10_ms5
cs.DB,1532,30,False,15,10,10,4,0.0,cs.DB_mcs30_nn15_nc10_ms10
cs.DB,1532,30,False,30,5,5,4,0.0,cs.DB_mcs30_nn30_nc5_ms5
cs.DB,1532,30,False,30,5,10,4,0.0,cs.DB_mcs30_nn30_nc5_ms10
cs.DB,1532,30,False,30,10,5,16,28.39,cs.DB_mcs30_nn30_nc10_ms5
cs.DB,1532,30,False,30,10,10,4,0.2,cs.DB_mcs30_nn30_nc10_ms10
cs.DB,1532,38,True,10,5,5,4,0.0,cs.DB_mcs38_nn10_nc5_ms5
cs.DB,1532,38,True,10,5,10,4,0.98,cs.DB_mcs38_nn10_nc5_ms10
cs.DB,1532,38,True,10,10,5,4,0.0,cs.DB_mcs38_nn10_nc10_ms5
cs.DB,1532,38,True,10,10,10,4,0.0,cs.DB_mcs38_nn10_nc10_ms10
cs.DB,1532,38,True,15,5,5,4,0.0,cs.DB_mcs38_nn15_nc5_ms5
cs.DB,1532,38,True,15,5,10,4,0.0,cs.DB_mcs38_nn15_nc5_ms10
cs.DB,1532,38,True,15,10,5,4,0.0,cs.DB_mcs38_nn15_nc10_ms5
cs.DB,1532,38,True,15,10,10,4,0.0,cs.DB_mcs38_nn15_nc10_ms10
cs.DB,1532,38,True,30,5,5,4,0.0,cs.DB_mcs38_nn30_nc5_ms5
cs.DB,1532,38,True,30,5,10,4,0.0,cs.DB_mcs38_nn30_nc5_ms10
cs.DB,1532,38,True,30,10,5,4,0.0,cs.DB_mcs38_nn30_nc10_ms5
cs.DB,1532,38,True,30,10,10,4,0.2,cs.DB_mcs38_nn30_nc10_ms10
cs.DB,1532,50,False,10,5,5,3,0.0,cs.DB_mcs50_nn10_nc5_ms5
cs.DB,1532,50,False,10,5,10,3,0.0,cs.DB_mcs50_nn10_nc5_ms10
cs.DB,1532,50,False,10,10,5,3,2.74,cs.DB_mcs50_nn10_nc10_ms5
cs.DB,1532,50,False,10,10,10,3,2.74,cs.DB_mcs50_nn10_nc10_ms10
cs.DB,1532,50,False,15,5,5,3,0.0,cs.DB_mcs50_nn15_nc5_ms5
cs.DB,1532,50,False,15,5,10,3,0.0,cs.DB_mcs50_nn15_nc5_ms10
cs.DB,1532,50,False,15,10,5,3,2.74,cs.DB_mcs50_nn15_nc10_ms5
cs.DB,1532,50,False,15,10,10,3,2.74,cs.DB_mcs50_nn15_nc10_ms10
cs.DB,1532,50,False,30,5,5,2,3.2,cs.DB_mcs50_nn30_nc5_ms5
cs.DB,1532,50,False,30,5,10,2,3.2,cs.DB_mcs50_nn30_nc5_ms10
cs.DB,1532,50,False,30,10,5,2,0.0,cs.DB_mcs50_nn30_nc10_ms5
cs.DB,1532,50,False,30,10,10,2,0.0,cs.DB_mcs50_nn30_nc10_ms10
cs.DB,1532,80,False,10,5,5,2,20.04,cs.DB_mcs80_nn10_nc5_ms5
cs.DB,1532,80,False,10,5,10,2,21.54,cs.DB_mcs80_nn10_nc5_ms10
cs.DB,1532,80,False,10,10,5,2,19.52,cs.DB_mcs80_nn10_nc10_ms5
cs.DB,1532,80,False,10,10,10,4,30.68,cs.DB_mcs80_nn10_nc10_ms10
cs.DB,1532,80,False,15,5,5,5,27.55,cs.DB_mcs80_nn15_nc5_ms5
cs.DB,1532,80,False,15,5,10,5,33.62,cs.DB_mcs80_nn15_nc5_ms10
cs.DB,1532,80,False,15,10,5,5,32.38,cs.DB_mcs80_nn15_nc10_ms5
cs.DB,1532,80,False,15,10,10,5,31.66,cs.DB_mcs80_nn15_nc10_ms10
cs.DB,1532,80,False,30,5,5,2,26.7,cs.DB_mcs80_nn30_nc5_ms5
cs.DB,1532,80,False,30,5,10,6,44.97,cs.DB_mcs80_nn30_nc5_ms10
cs.DB,1532,80,False,30,10,5,2,0.0,cs.DB_mcs80_nn30_nc10_ms5
cs.DB,1532,80,False,30,10,10,2,0.0,cs.DB_mcs80_nn30_nc10_ms10
cs.DB,1532,120,False,10,5,5,2,20.04,cs.DB_mcs120_nn10_nc5_ms5
cs.DB,1532,120,False,10,5,10,2,21.54,cs.DB_mcs120_nn10_nc5_ms10
cs.DB,1532,120,False,10,10,5,3,31.85,cs.DB_mcs120_nn10_nc10_ms5
cs.DB,1532,120,False,10,10,10,3,24.61,cs.DB_mcs120_nn10_nc10_ms10
cs.DB,1532,120,False,15,5,5,4,27.22,cs.DB_mcs120_nn15_nc5_ms5
cs.DB,1532,120,False,15,5,10,2,27.28,cs.DB_mcs120_nn15_nc5_ms10
cs.DB,1532,120,False,15,10,5,3,25.0,cs.DB_mcs120_nn15_nc10_ms5
cs.DB,1532,120,False,15,10,10,3,25.39,cs.DB_mcs120_nn15_nc10_ms10
cs.DB,1532,120,False,30,5,5,2,26.7,cs.DB_mcs120_nn30_nc5_ms5
cs.DB,1532,120,False,30,5,10,2,24.28,cs.DB_mcs120_nn30_nc5_ms10
cs.DB,1532,120,False,30,10,5,3,27.35,cs.DB_mcs120_nn30_nc10_ms5
cs.DB,1532,120,False,30,10,10,3,33.22,cs.DB_mcs120_nn30_nc10_ms10
cs.DB,1532,200,False,10,5,5,2,47.45,cs.DB_mcs200_nn10_nc5_ms5
cs.DB,1532,200,False,10,5,10,2,41.64,cs.DB_mcs200_nn10_nc5_ms10
cs.DB,1532,200,False,10,10,5,2,40.47,cs.DB_mcs200_nn10_nc10_ms5
cs.DB,1532,200,False,10,10,10,2,33.75,cs.DB_mcs200_nn10_nc10_ms10
cs.DB,1532,200,False,15,5,5,2,26.57,cs.DB_mcs200_nn15_nc5_ms5
cs.DB,1532,200,False,15,5,10,2,43.02,cs.DB_mcs200_nn15_nc5_ms10
cs.DB,1532,200,False,15,10,5,3,25.0,cs.DB_mcs200_nn15_nc10_ms5
cs.DB,1532,200,False,15,10,10,2,24.48,cs.DB_mcs200_nn15_nc10_ms10
cs.DB,1532,200,False,30,5,5,2,53.92,cs.DB_mcs200_nn30_nc5_ms5
cs.DB,1532,200,False,30,5,10,0,100.0,cs.DB_mcs200_nn30_nc5_ms10
cs.DB,1532,200,False,30,10,5,2,26.76,cs.DB_mcs200_nn30_nc10_ms5
cs.DB,1532,200,False,30,10,10,2,42.75,cs.DB_mcs200_nn30_nc10_ms10
cs.SE,2281,30,False,10,5,5,23,28.1,cs.SE_mcs30_nn10_nc5_ms5
cs.SE,2281,30,False,10,5,10,22,27.53,cs.SE_mcs30_nn10_nc5_ms10
cs.SE,2281,30,False,10,10,5,23,29.15,cs.SE_mcs30_nn10_nc10_ms5
cs.SE,2281,30,False,10,10,10,2,0.0,cs.SE_mcs30_nn10_nc10_ms10
cs.SE,2281,30,False,15,5,5,23,30.6,cs.SE_mcs30_nn15_nc5_ms5
cs.SE,2281,30,False,15,5,10,19,28.58,cs.SE_mcs30_nn15_nc5_ms10
cs.SE,2281,30,False,15,10,5,23,29.86,cs.SE_mcs30_nn15_nc10_ms5
cs.SE,2281,30,False,15,10,10,18,27.44,cs.SE_mcs30_nn15_nc10_ms10
cs.SE,2281,30,False,30,5,5,2,0.0,cs.SE_mcs30_nn30_nc5_ms5
cs.SE,2281,30,False,30,5,10,2,0.0,cs.SE_mcs30_nn30_nc5_ms10
cs.SE,2281,30,False,30,10,5,2,0.0,cs.SE_mcs30_nn30_nc10_ms5
cs.SE,2281,30,False,30,10,10,2,0.0,cs.SE_mcs30_nn30_nc10_ms10
cs.SE,2281,50,False,10,5,5,13,13.5,cs.SE_mcs50_nn10_nc5_ms5
cs.SE,2281,50,False,10,5,10,14,25.78,cs.SE_mcs50_nn10_nc5_ms10
cs.SE,2281,50,False,10,10,5,19,34.5,cs.SE_mcs50_nn10_nc10_ms5
cs.SE,2281,50,False,10,10,10,14,26.52,cs.SE_mcs50_nn10_nc10_ms10
cs.SE,2281,50,False,15,5,5,12,25.38,cs.SE_mcs50_nn15_nc5_ms5
cs.SE,2281,50,False,15,5,10,12,31.08,cs.SE_mcs50_nn15_nc5_ms10
cs.SE,2281,50,False,15,10,5,10,20.6,cs.SE_mcs50_nn15_nc10_ms5
cs.SE,2281,50,False,15,10,10,11,37.53,cs.SE_mcs50_nn15_nc10_ms10
cs.SE,2281,50,False,30,5,5,11,35.73,cs.SE_mcs50_nn30_nc5_ms5
cs.SE,2281,50,False,30,5,10,9,39.68,cs.SE_mcs50_nn30_nc5_ms10
cs.SE,2281,50,False,30,10,5,10,34.55,cs.SE_mcs50_nn30_nc10_ms5
cs.SE,2281,50,False,30,10,10,9,32.27,cs.SE_mcs50_nn30_nc10_ms10
cs.SE,2281,57,True,10,5,5,12,13.5,cs.SE_mcs57_nn10_nc5_ms5
cs.SE,2281,57,True,10,5,10,12,30.43,cs.SE_mcs57_nn10_nc5_ms10
cs.SE,2281,57,True,10,10,5,13,23.24,cs.SE_mcs57_nn10_nc10_ms5
cs.SE,2281,57,True,10,10,10,11,23.81,cs.SE_mcs57_nn10_nc10_ms10
cs.SE,2281,57,True,15,5,5,12,25.38,cs.SE_mcs57_nn15_nc5_ms5
cs.SE,2281,57,True,15,5,10,11,31.0,cs.SE_mcs57_nn15_nc5_ms10
cs.SE,2281,57,True,15,10,5,6,18.68,cs.SE_mcs57_nn15_nc10_ms5
cs.SE,2281,57,True,15,10,10,8,35.86,cs.SE_mcs57_nn15_nc10_ms10
cs.SE,2281,57,True,30,5,5,9,40.51,cs.SE_mcs57_nn30_nc5_ms5
cs.SE,2281,57,True,30,5,10,9,39.68,cs.SE_mcs57_nn30_nc5_ms10
cs.SE,2281,57,True,30,10,5,9,29.99,cs.SE_mcs57_nn30_nc10_ms5
cs.SE,2281,57,True,30,10,10,9,32.27,cs.SE_mcs57_nn30_nc10_ms10
cs.SE,2281,80,False,10,5,5,7,23.89,cs.SE_mcs80_nn10_nc5_ms5
cs.SE,2281,80,False,10,5,10,6,40.38,cs.SE_mcs80_nn10_nc5_ms10
cs.SE,2281,80,False,10,10,5,8,33.63,cs.SE_mcs80_nn10_nc10_ms5
cs.SE,2281,80,False,10,10,10,6,34.46,cs.SE_mcs80_nn10_nc10_ms10
cs.SE,2281,80,False,15,5,5,8,28.58,cs.SE_mcs80_nn15_nc5_ms5
cs.SE,2281,80,False,15,5,10,7,36.78,cs.SE_mcs80_nn15_nc5_ms10
cs.SE,2281,80,False,15,10,5,6,18.68,cs.SE_mcs80_nn15_nc10_ms5
cs.SE,2281,80,False,15,10,10,8,35.86,cs.SE_mcs80_nn15_nc10_ms10
cs.SE,2281,80,False,30,5,5,6,33.27,cs.SE_mcs80_nn30_nc5_ms5
cs.SE,2281,80,False,30,5,10,9,39.68,cs.SE_mcs80_nn30_nc5_ms10
cs.SE,2281,80,False,30,10,5,7,35.91,cs.SE_mcs80_nn30_nc10_ms5
cs.SE,2281,80,False,30,10,10,8,35.51,cs.SE_mcs80_nn30_nc10_ms10
cs.SE,2281,120,False,10,5,5,3,35.86,cs.SE_mcs120_nn10_nc5_ms5
cs.SE,2281,120,False,10,5,10,3,23.72,cs.SE_mcs120_nn10_nc5_ms10
cs.SE,2281,120,False,10,10,5,3,23.67,cs.SE_mcs120_nn10_nc10_ms5
cs.SE,2281,120,False,10,10,10,5,33.14,cs.SE_mcs120_nn10_nc10_ms10
cs.SE,2281,120,False,15,5,5,4,34.98,cs.SE_mcs120_nn15_nc5_ms5
cs.SE,2281,120,False,15,5,10,4,36.52,cs.SE_mcs120_nn15_nc5_ms10
cs.SE,2281,120,False,15,10,5,4,25.95,cs.SE_mcs120_nn15_nc10_ms5
cs.SE,2281,120,False,15,10,10,4,40.46,cs.SE_mcs120_nn15_nc10_ms10
cs.SE,2281,120,False,30,5,5,3,36.78,cs.SE_mcs120_nn30_nc5_ms5
cs.SE,2281,120,False,30,5,10,3,30.95,cs.SE_mcs120_nn30_nc5_ms10
cs.SE,2281,120,False,30,10,5,6,30.56,cs.SE_mcs120_nn30_nc10_ms5
cs.SE,2281,120,False,30,10,10,5,38.32,cs.SE_mcs120_nn30_nc10_ms10
cs.SE,2281,200,False,10,5,5,2,34.98,cs.SE_mcs200_nn10_nc5_ms5
cs.SE,2281,200,False,10,5,10,3,23.72,cs.SE_mcs200_nn10_nc5_ms10
cs.SE,2281,200,False,10,10,5,3,23.67,cs.SE_mcs200_nn10_nc10_ms5
cs.SE,2281,200,False,10,10,10,3,22.62,cs.SE_mcs200_nn10_nc10_ms10
cs.SE,2281,200,False,15,5,5,3,23.94,cs.SE_mcs200_nn15_nc5_ms5
cs.SE,2281,200,False,15,5,10,3,32.44,cs.SE_mcs200_nn15_nc5_ms10
cs.SE,2281,200,False,15,10,5,3,32.35,cs.SE_mcs200_nn15_nc10_ms5
cs.SE,2281,200,False,15,10,10,3,34.46,cs.SE_mcs200_nn15_nc10_ms10
cs.SE,2281,200,False,30,5,5,3,36.78,cs.SE_mcs200_nn30_nc5_ms5
cs.SE,2281,200,False,30,5,10,2,27.05,cs.SE_mcs200_nn30_nc5_ms10
cs.SE,2281,200,False,30,10,5,2,12.28,cs.SE_mcs200_nn30_nc10_ms5
cs.SE,2281,200,False,30,10,10,3,36.56,cs.SE_mcs200_nn30_nc10_ms10
cs.CL,12418,30,False,10,5,5,98,23.66,cs.CL_mcs30_nn10_nc5_ms5
cs.CL,12418,30,False,10,5,10,92,24.19,cs.CL_mcs30_nn10_nc5_ms10
cs.CL,12418,30,False,10,10,5,96,24.3,cs.CL_mcs30_nn10_nc10_ms5
cs.CL,12418,30,False,10,10,10,85,25.25,cs.CL_mcs30_nn10_nc10_ms10
cs.CL,12418,30,False,15,5,5,90,23.58,cs.CL_mcs30_nn15_nc5_ms5
cs.CL,12418,30,False,15,5,10,83,25.12,cs.CL_mcs30_nn15_nc5_ms10
cs.CL,12418,30,False,15,10,5,96,24.51,cs.CL_mcs30_nn15_nc10_ms5
cs.CL,12418,30,False,15,10,10,82,27.63,cs.CL_mcs30_nn15_nc10_ms10
cs.CL,12418,30,False,30,5,5,90,28.65,cs.CL_mcs30_nn30_nc5_ms5
cs.CL,12418,30,False,30,5,10,78,28.72,cs.CL_mcs30_nn30_nc5_ms10
cs.CL,12418,30,False,30,10,5,81,30.21,cs.CL_mcs30_nn30_nc10_ms5
cs.CL,12418,30,False,30,10,10,74,29.97,cs.CL_mcs30_nn30_nc10_ms10
cs.CL,12418,50,False,10,5,5,56,19.35,cs.CL_mcs50_nn10_nc5_ms5
cs.CL,12418,50,False,10,5,10,54,22.62,cs.CL_mcs50_nn10_nc5_ms10
cs.CL,12418,50,False,10,10,5,56,22.82,cs.CL_mcs50_nn10_nc10_ms5
cs.CL,12418,50,False,10,10,10,54,26.57,cs.CL_mcs50_nn10_nc10_ms10
cs.CL,12418,50,False,15,5,5,56,24.28,cs.CL_mcs50_nn15_nc5_ms5
cs.CL,12418,50,False,15,5,10,56,23.06,cs.CL_mcs50_nn15_nc5_ms10
cs.CL,12418,50,False,15,10,5,57,23.85,cs.CL_mcs50_nn15_nc10_ms5
cs.CL,12418,50,False,15,10,10,56,27.69,cs.CL_mcs50_nn15_nc10_ms10
cs.CL,12418,50,False,30,5,5,55,26.1,cs.CL_mcs50_nn30_nc5_ms5
cs.CL,12418,50,False,30,5,10,53,29.08,cs.CL_mcs50_nn30_nc5_ms10
cs.CL,12418,50,False,30,10,5,51,28.86,cs.CL_mcs50_nn30_nc10_ms5
cs.CL,12418,50,False,30,10,10,48,27.1,cs.CL_mcs50_nn30_nc10_ms10
cs.CL,12418,80,False,10,5,5,40,24.73,cs.CL_mcs80_nn10_nc5_ms5
cs.CL,12418,80,False,10,5,10,38,22.35,cs.CL_mcs80_nn10_nc5_ms10
cs.CL,12418,80,False,10,10,5,40,25.84,cs.CL_mcs80_nn10_nc10_ms5
cs.CL,12418,80,False,10,10,10,38,29.32,cs.CL_mcs80_nn10_nc10_ms10
cs.CL,12418,80,False,15,5,5,37,29.2,cs.CL_mcs80_nn15_nc5_ms5
cs.CL,12418,80,False,15,5,10,39,27.03,cs.CL_mcs80_nn15_nc5_ms10
cs.CL,12418,80,False,15,10,5,36,27.55,cs.CL_mcs80_nn15_nc10_ms5
cs.CL,12418,80,False,15,10,10,37,30.42,cs.CL_mcs80_nn15_nc10_ms10
cs.CL,12418,80,False,30,5,5,36,29.13,cs.CL_mcs80_nn30_nc5_ms5
cs.CL,12418,80,False,30,5,10,31,29.43,cs.CL_mcs80_nn30_nc5_ms10
cs.CL,12418,80,False,30,10,5,33,30.39,cs.CL_mcs80_nn30_nc10_ms5
cs.CL,12418,80,False,30,10,10,32,32.62,cs.CL_mcs80_nn30_nc10_ms10
cs.CL,12418,120,False,10,5,5,24,27.21,cs.CL_mcs120_nn10_nc5_ms5
cs.CL,12418,120,False,10,5,10,25,27.19,cs.CL_mcs120_nn10_nc5_ms10
cs.CL,12418,120,False,10,10,5,22,26.74,cs.CL_mcs120_nn10_nc10_ms5
cs.CL,12418,120,False,10,10,10,24,32.73,cs.CL_mcs120_nn10_nc10_ms10
cs.CL,12418,120,False,15,5,5,25,30.43,cs.CL_mcs120_nn15_nc5_ms5
cs.CL,12418,120,False,15,5,10,24,29.58,cs.CL_mcs120_nn15_nc5_ms10
cs.CL,12418,120,False,15,10,5,24,31.02,cs.CL_mcs120_nn15_nc10_ms5
cs.CL,12418,120,False,15,10,10,22,32.13,cs.CL_mcs120_nn15_nc10_ms10
cs.CL,12418,120,False,30,5,5,22,34.57,cs.CL_mcs120_nn30_nc5_ms5
cs.CL,12418,120,False,30,5,10,21,32.9,cs.CL_mcs120_nn30_nc5_ms10
cs.CL,12418,120,False,30,10,5,21,35.27,cs.CL_mcs120_nn30_nc10_ms5
cs.CL,12418,120,False,30,10,10,21,35.51,cs.CL_mcs120_nn30_nc10_ms10
cs.CL,12418,200,False,10,5,5,17,24.31,cs.CL_mcs200_nn10_nc5_ms5
cs.CL,12418,200,False,10,5,10,16,23.21,cs.CL_mcs200_nn10_nc5_ms10
cs.CL,12418,200,False,10,10,5,15,28.79,cs.CL_mcs200_nn10_nc10_ms5
cs.CL,12418,200,False,10,10,10,10,14.87,cs.CL_mcs200_nn10_nc10_ms10
cs.CL,12418,200,False,15,5,5,12,19.09,cs.CL_mcs200_nn15_nc5_ms5
cs.CL,12418,200,False,15,5,10,13,24.76,cs.CL_mcs200_nn15_nc5_ms10
cs.CL,12418,200,False,15,10,5,17,28.43,cs.CL_mcs200_nn15_nc10_ms5
cs.CL,12418,200,False,15,10,10,17,27.8,cs.CL_mcs200_nn15_nc10_ms10
cs.CL,12418,200,False,30,5,5,12,29.55,cs.CL_mcs200_nn30_nc5_ms5
cs.CL,12418,200,False,30,5,10,13,27.93,cs.CL_mcs200_nn30_nc5_ms10
cs.CL,12418,200,False,30,10,5,2,0.12,cs.CL_mcs200_nn30_nc10_ms5
cs.CL,12418,200,False,30,10,10,12,28.69,cs.CL_mcs200_nn30_nc10_ms10
cs.CL,12418,310,True,10,5,5,9,14.57,cs.CL_mcs310_nn10_nc5_ms5
cs.CL,12418,310,True,10,5,10,9,13.03,cs.CL_mcs310_nn10_nc5_ms10
cs.CL,12418,310,True,10,10,5,5,4.74,cs.CL_mcs310_nn10_nc10_ms5
cs.CL,12418,310,True,10,10,10,8,18.55,cs.CL_mcs310_nn10_nc10_ms10
cs.CL,12418,310,True,15,5,5,9,16.98,cs.CL_mcs310_nn15_nc5_ms5
cs.CL,12418,310,True,15,5,10,11,24.07,cs.CL_mcs310_nn15_nc5_ms10
cs.CL,12418,310,True,15,10,5,13,28.23,cs.CL_mcs310_nn15_nc10_ms5
cs.CL,12418,310,True,15,10,10,2,0.11,cs.CL_mcs310_nn15_nc10_ms10
cs.CL,12418,310,True,30,5,5,10,28.84,cs.CL_mcs310_nn30_nc5_ms5
cs.CL,12418,310,True,30,5,10,10,28.94,cs.CL_mcs310_nn30_nc5_ms10
cs.CL,12418,310,True,30,10,5,2,0.12,cs.CL_mcs310_nn30_nc10_ms5
cs.CL,12418,310,True,30,10,10,10,29.24,cs.CL_mcs310_nn30_nc10_ms10
cs.NE,1501,30,False,10,5,5,3,2.8,cs.NE_mcs30_nn10_nc5_ms5
cs.NE,1501,30,False,10,5,10,5,11.73,cs.NE_mcs30_nn10_nc5_ms10
cs.NE,1501,30,False,10,10,5,3,1.27,cs.NE_mcs30_nn10_nc10_ms5
cs.NE,1501,30,False,10,10,10,5,7.93,cs.NE_mcs30_nn10_nc10_ms10
cs.NE,1501,30,False,15,5,5,2,0.0,cs.NE_mcs30_nn15_nc5_ms5
cs.NE,1501,30,False,15,5,10,6,13.32,cs.NE_mcs30_nn15_nc5_ms10
cs.NE,1501,30,False,15,10,5,6,13.92,cs.NE_mcs30_nn15_nc10_ms5
cs.NE,1501,30,False,15,10,10,2,3.4,cs.NE_mcs30_nn15_nc10_ms10
cs.NE,1501,30,False,30,5,5,5,20.05,cs.NE_mcs30_nn30_nc5_ms5
cs.NE,1501,30,False,30,5,10,2,4.6,cs.NE_mcs30_nn30_nc5_ms10
cs.NE,1501,30,False,30,10,5,10,14.92,cs.NE_mcs30_nn30_nc10_ms5
cs.NE,1501,30,False,30,10,10,6,17.32,cs.NE_mcs30_nn30_nc10_ms10
cs.NE,1501,37,True,10,5,5,3,2.8,cs.NE_mcs37_nn10_nc5_ms5
cs.NE,1501,37,True,10,5,10,5,11.73,cs.NE_mcs37_nn10_nc5_ms10
cs.NE,1501,37,True,10,10,5,3,1.27,cs.NE_mcs37_nn10_nc10_ms5
cs.NE,1501,37,True,10,10,10,5,7.93,cs.NE_mcs37_nn10_nc10_ms10
cs.NE,1501,37,True,15,5,5,2,0.0,cs.NE_mcs37_nn15_nc5_ms5
cs.NE,1501,37,True,15,5,10,6,13.32,cs.NE_mcs37_nn15_nc5_ms10
cs.NE,1501,37,True,15,10,5,6,13.92,cs.NE_mcs37_nn15_nc10_ms5
cs.NE,1501,37,True,15,10,10,2,3.4,cs.NE_mcs37_nn15_nc10_ms10
cs.NE,1501,37,True,30,5,5,5,20.05,cs.NE_mcs37_nn30_nc5_ms5
cs.NE,1501,37,True,30,5,10,2,4.6,cs.NE_mcs37_nn30_nc5_ms10
cs.NE,1501,37,True,30,10,5,2,1.73,cs.NE_mcs37_nn30_nc10_ms5
cs.NE,1501,37,True,30,10,10,2,2.86,cs.NE_mcs37_nn30_nc10_ms10
cs.NE,1501,50,False,10,5,5,3,2.8,cs.NE_mcs50_nn10_nc5_ms5
cs.NE,1501,50,False,10,5,10,3,4.46,cs.NE_mcs50_nn10_nc5_ms10
cs.NE,1501,50,False,10,10,5,3,1.27,cs.NE_mcs50_nn10_nc10_ms5
cs.NE,1501,50,False,10,10,10,3,2.93,cs.NE_mcs50_nn10_nc10_ms10
cs.NE,1501,50,False,15,5,5,2,0.0,cs.NE_mcs50_nn15_nc5_ms5
cs.NE,1501,50,False,15,5,10,2,0.07,cs.NE_mcs50_nn15_nc5_ms10
cs.NE,1501,50,False,15,10,5,6,13.92,cs.NE_mcs50_nn15_nc10_ms5
cs.NE,1501,50,False,15,10,10,2,3.4,cs.NE_mcs50_nn15_nc10_ms10
cs.NE,1501,50,False,30,5,5,5,20.05,cs.NE_mcs50_nn30_nc5_ms5
cs.NE,1501,50,False,30,5,10,2,4.6,cs.NE_mcs50_nn30_nc5_ms10
cs.NE,1501,50,False,30,10,5,2,1.73,cs.NE_mcs50_nn30_nc10_ms5
cs.NE,1501,50,False,30,10,10,2,2.86,cs.NE_mcs50_nn30_nc10_ms10
cs.NE,1501,80,False,10,5,5,3,2.8,cs.NE_mcs80_nn10_nc5_ms5
cs.NE,1501,80,False,10,5,10,3,4.46,cs.NE_mcs80_nn10_nc5_ms10
cs.NE,1501,80,False,10,10,5,3,1.27,cs.NE_mcs80_nn10_nc10_ms5
cs.NE,1501,80,False,10,10,10,3,2.93,cs.NE_mcs80_nn10_nc10_ms10
cs.NE,1501,80,False,15,5,5,2,0.0,cs.NE_mcs80_nn15_nc5_ms5
cs.NE,1501,80,False,15,5,10,2,0.07,cs.NE_mcs80_nn15_nc5_ms10
cs.NE,1501,80,False,15,10,5,2,3.8,cs.NE_mcs80_nn15_nc10_ms5
cs.NE,1501,80,False,15,10,10,2,3.4,cs.NE_mcs80_nn15_nc10_ms10
cs.NE,1501,80,False,30,5,5,3,11.26,cs.NE_mcs80_nn30_nc5_ms5
cs.NE,1501,80,False,30,5,10,2,4.6,cs.NE_mcs80_nn30_nc5_ms10
cs.NE,1501,80,False,30,10,5,2,1.73,cs.NE_mcs80_nn30_nc10_ms5
cs.NE,1501,80,False,30,10,10,2,2.86,cs.NE_mcs80_nn30_nc10_ms10
cs.NE,1501,120,False,10,5,5,2,2.2,cs.NE_mcs120_nn10_nc5_ms5
cs.NE,1501,120,False,10,5,10,2,2.27,cs.NE_mcs120_nn10_nc5_ms10
cs.NE,1501,120,False,10,10,5,2,0.0,cs.NE_mcs120_nn10_nc10_ms5
cs.NE,1501,120,False,10,10,10,2,0.93,cs.NE_mcs120_nn10_nc10_ms10
cs.NE,1501,120,False,15,5,5,2,0.0,cs.NE_mcs120_nn15_nc5_ms5
cs.NE,1501,120,False,15,5,10,2,0.07,cs.NE_mcs120_nn15_nc5_ms10
cs.NE,1501,120,False,15,10,5,2,3.8,cs.NE_mcs120_nn15_nc10_ms5
cs.NE,1501,120,False,15,10,10,2,3.4,cs.NE_mcs120_nn15_nc10_ms10
cs.NE,1501,120,False,30,5,5,3,11.26,cs.NE_mcs120_nn30_nc5_ms5
cs.NE,1501,120,False,30,5,10,2,4.6,cs.NE_mcs120_nn30_nc5_ms10
cs.NE,1501,120,False,30,10,5,2,1.73,cs.NE_mcs120_nn30_nc10_ms5
cs.NE,1501,120,False,30,10,10,2,2.86,cs.NE_mcs120_nn30_nc10_ms10
cs.NE,1501,200,False,10,5,5,2,2.2,cs.NE_mcs200_nn10_nc5_ms5
cs.NE,1501,200,False,10,5,10,2,2.27,cs.NE_mcs200_nn10_nc5_ms10
cs.NE,1501,200,False,10,10,5,2,0.0,cs.NE_mcs200_nn10_nc10_ms5
cs.NE,1501,200,False,10,10,10,2,0.93,cs.NE_mcs200_nn10_nc10_ms10
cs.NE,1501,200,False,15,5,5,2,0.0,cs.NE_mcs200_nn15_nc5_ms5
cs.NE,1501,200,False,15,5,10,2,0.07,cs.NE_mcs200_nn15_nc5_ms10
cs.NE,1501,200,False,15,10,5,2,3.8,cs.NE_mcs200_nn15_nc10_ms5
cs.NE,1501,200,False,15,10,10,2,3.4,cs.NE_mcs200_nn15_nc10_ms10
cs.NE,1501,200,False,30,5,5,3,11.26,cs.NE_mcs200_nn30_nc5_ms5
cs.NE,1501,200,False,30,5,10,2,4.6,cs.NE_mcs200_nn30_nc5_ms10
cs.NE,1501,200,False,30,10,5,2,1.73,cs.NE_mcs200_nn30_nc10_ms5
cs.NE,1501,200,False,30,10,10,2,2.86,cs.NE_mcs200_nn30_nc10_ms10
cs.DC,1517,30,False,10,5,5,11,19.84,cs.DC_mcs30_nn10_nc5_ms5
cs.DC,1517,30,False,10,5,10,12,28.41,cs.DC_mcs30_nn10_nc5_ms10
cs.DC,1517,30,False,10,10,5,16,26.96,cs.DC_mcs30_nn10_nc10_ms5
cs.DC,1517,30,False,10,10,10,12,25.84,cs.DC_mcs30_nn10_nc10_ms10
cs.DC,1517,30,False,15,5,5,13,33.95,cs.DC_mcs30_nn15_nc5_ms5
cs.DC,1517,30,False,15,5,10,13,36.85,cs.DC_mcs30_nn15_nc5_ms10
cs.DC,1517,30,False,15,10,5,12,24.46,cs.DC_mcs30_nn15_nc10_ms5
cs.DC,1517,30,False,15,10,10,10,29.33,cs.DC_mcs30_nn15_nc10_ms10
cs.DC,1517,30,False,30,5,5,12,27.62,cs.DC_mcs30_nn30_nc5_ms5
cs.DC,1517,30,False,30,5,10,12,33.75,cs.DC_mcs30_nn30_nc5_ms10
cs.DC,1517,30,False,30,10,5,12,22.28,cs.DC_mcs30_nn30_nc10_ms5
cs.DC,1517,30,False,30,10,10,11,31.71,cs.DC_mcs30_nn30_nc10_ms10
cs.DC,1517,37,True,10,5,5,11,19.84,cs.DC_mcs37_nn10_nc5_ms5
cs.DC,1517,37,True,10,5,10,11,27.03,cs.DC_mcs37_nn10_nc5_ms10
cs.DC,1517,37,True,10,10,5,11,22.87,cs.DC_mcs37_nn10_nc10_ms5
cs.DC,1517,37,True,10,10,10,11,27.82,cs.DC_mcs37_nn10_nc10_ms10
cs.DC,1517,37,True,15,5,5,12,36.32,cs.DC_mcs37_nn15_nc5_ms5
cs.DC,1517,37,True,15,5,10,4,13.25,cs.DC_mcs37_nn15_nc5_ms10
cs.DC,1517,37,True,15,10,5,11,23.93,cs.DC_mcs37_nn15_nc10_ms5
cs.DC,1517,37,True,15,10,10,10,29.33,cs.DC_mcs37_nn15_nc10_ms10
cs.DC,1517,37,True,30,5,5,11,27.62,cs.DC_mcs37_nn30_nc5_ms5
cs.DC,1517,37,True,30,5,10,11,32.89,cs.DC_mcs37_nn30_nc5_ms10
cs.DC,1517,37,True,30,10,5,11,22.21,cs.DC_mcs37_nn30_nc10_ms5
cs.DC,1517,37,True,30,10,10,11,31.71,cs.DC_mcs37_nn30_nc10_ms10
cs.DC,1517,50,False,10,5,5,11,19.84,cs.DC_mcs50_nn10_nc5_ms5
cs.DC,1517,50,False,10,5,10,5,11.47,cs.DC_mcs50_nn10_nc5_ms10
cs.DC,1517,50,False,10,10,5,5,13.84,cs.DC_mcs50_nn10_nc10_ms5
cs.DC,1517,50,False,10,10,10,5,12.13,cs.DC_mcs50_nn10_nc10_ms10
cs.DC,1517,50,False,15,5,5,2,4.22,cs.DC_mcs50_nn15_nc5_ms5
cs.DC,1517,50,False,15,5,10,4,13.25,cs.DC_mcs50_nn15_nc5_ms10
cs.DC,1517,50,False,15,10,5,10,22.68,cs.DC_mcs50_nn15_nc10_ms5
cs.DC,1517,50,False,15,10,10,10,29.33,cs.DC_mcs50_nn15_nc10_ms10
cs.DC,1517,50,False,30,5,5,6,15.62,cs.DC_mcs50_nn30_nc5_ms5
cs.DC,1517,50,False,30,5,10,8,30.92,cs.DC_mcs50_nn30_nc5_ms10
cs.DC,1517,50,False,30,10,5,9,24.26,cs.DC_mcs50_nn30_nc10_ms5
cs.DC,1517,50,False,30,10,10,7,26.37,cs.DC_mcs50_nn30_nc10_ms10
cs.DC,1517,80,False,10,5,5,5,8.17,cs.DC_mcs80_nn10_nc5_ms5
cs.DC,1517,80,False,10,5,10,4,11.07,cs.DC_mcs80_nn10_nc5_ms10
cs.DC,1517,80,False,10,10,5,5,13.84,cs.DC_mcs80_nn10_nc10_ms5
cs.DC,1517,80,False,10,10,10,4,17.27,cs.DC_mcs80_nn10_nc10_ms10
cs.DC,1517,80,False,15,5,5,2,4.22,cs.DC_mcs80_nn15_nc5_ms5
cs.DC,1517,80,False,15,5,10,4,13.25,cs.DC_mcs80_nn15_nc5_ms10
cs.DC,1517,80,False,15,10,5,8,25.38,cs.DC_mcs80_nn15_nc10_ms5
cs.DC,1517,80,False,15,10,10,8,32.23,cs.DC_mcs80_nn15_nc10_ms10
cs.DC,1517,80,False,30,5,5,6,15.62,cs.DC_mcs80_nn30_nc5_ms5
cs.DC,1517,80,False,30,5,10,6,35.53,cs.DC_mcs80_nn30_nc5_ms10
cs.DC,1517,80,False,30,10,5,8,23.34,cs.DC_mcs80_nn30_nc10_ms5
cs.DC,1517,80,False,30,10,10,5,30.72,cs.DC_mcs80_nn30_nc10_ms10
cs.DC,1517,120,False,10,5,5,3,20.5,cs.DC_mcs120_nn10_nc5_ms5
cs.DC,1517,120,False,10,5,10,3,11.01,cs.DC_mcs120_nn10_nc5_ms10
cs.DC,1517,120,False,10,10,5,2,14.7,cs.DC_mcs120_nn10_nc10_ms5
cs.DC,1517,120,False,10,10,10,3,16.61,cs.DC_mcs120_nn10_nc10_ms10
cs.DC,1517,120,False,15,5,5,5,28.61,cs.DC_mcs120_nn15_nc5_ms5
cs.DC,1517,120,False,15,5,10,2,15.43,cs.DC_mcs120_nn15_nc5_ms10
cs.DC,1517,120,False,15,10,5,5,33.29,cs.DC_mcs120_nn15_nc10_ms5
cs.DC,1517,120,False,15,10,10,4,39.75,cs.DC_mcs120_nn15_nc10_ms10
cs.DC,1517,120,False,30,5,5,5,21.09,cs.DC_mcs120_nn30_nc5_ms5
cs.DC,1517,120,False,30,5,10,2,21.16,cs.DC_mcs120_nn30_nc5_ms10
cs.DC,1517,120,False,30,10,5,3,19.18,cs.DC_mcs120_nn30_nc10_ms5
cs.DC,1517,120,False,30,10,10,4,28.81,cs.DC_mcs120_nn30_nc10_ms10
cs.DC,1517,200,False,10,5,5,2,13.05,cs.DC_mcs200_nn10_nc5_ms5
cs.DC,1517,200,False,10,5,10,2,9.62,cs.DC_mcs200_nn10_nc5_ms10
cs.DC,1517,200,False,10,10,5,2,14.7,cs.DC_mcs200_nn10_nc10_ms5
cs.DC,1517,200,False,10,10,10,2,8.31,cs.DC_mcs200_nn10_nc10_ms10
cs.DC,1517,200,False,15,5,5,3,38.63,cs.DC_mcs200_nn15_nc5_ms5
cs.DC,1517,200,False,15,5,10,2,15.43,cs.DC_mcs200_nn15_nc5_ms10
cs.DC,1517,200,False,15,10,5,0,100.0,cs.DC_mcs200_nn15_nc10_ms5
cs.DC,1517,200,False,15,10,10,0,100.0,cs.DC_mcs200_nn15_nc10_ms10
cs.DC,1517,200,False,30,5,5,3,20.24,cs.DC_mcs200_nn30_nc5_ms5
cs.DC,1517,200,False,30,5,10,2,21.16,cs.DC_mcs200_nn30_nc5_ms10
cs.DC,1517,200,False,30,10,5,2,30.52,cs.DC_mcs200_nn30_nc10_ms5
cs.DC,1517,200,False,30,10,10,2,20.5,cs.DC_mcs200_nn30_nc10_ms10
cs.CR,1523,30,False,10,5,5,8,4.4,cs.CR_mcs30_nn10_nc5_ms5
cs.CR,1523,30,False,10,5,10,15,24.62,cs.CR_mcs30_nn10_nc5_ms10
cs.CR,1523,30,False,10,10,5,13,17.14,cs.CR_mcs30_nn10_nc10_ms5
cs.CR,1523,30,False,10,10,10,16,23.05,cs.CR_mcs30_nn10_nc10_ms10
cs.CR,1523,30,False,15,5,5,10,11.56,cs.CR_mcs30_nn15_nc5_ms5
cs.CR,1523,30,False,15,5,10,15,26.85,cs.CR_mcs30_nn15_nc5_ms10
cs.CR,1523,30,False,15,10,5,14,21.21,cs.CR_mcs30_nn15_nc10_ms5
cs.CR,1523,30,False,15,10,10,15,26.0,cs.CR_mcs30_nn15_nc10_ms10
cs.CR,1523,30,False,30,5,5,2,0.0,cs.CR_mcs30_nn30_nc5_ms5
cs.CR,1523,30,False,30,5,10,2,0.0,cs.CR_mcs30_nn30_nc5_ms10
cs.CR,1523,30,False,30,10,5,14,21.8,cs.CR_mcs30_nn30_nc10_ms5
cs.CR,1523,30,False,30,10,10,2,0.0,cs.CR_mcs30_nn30_nc10_ms10
cs.CR,1523,38,True,10,5,5,7,6.63,cs.CR_mcs38_nn10_nc5_ms5
cs.CR,1523,38,True,10,5,10,12,26.26,cs.CR_mcs38_nn10_nc5_ms10
cs.CR,1523,38,True,10,10,5,12,19.3,cs.CR_mcs38_nn10_nc10_ms5
cs.CR,1523,38,True,10,10,10,7,7.29,cs.CR_mcs38_nn10_nc10_ms10
cs.CR,1523,38,True,15,5,5,9,13.72,cs.CR_mcs38_nn15_nc5_ms5
cs.CR,1523,38,True,15,5,10,10,23.7,cs.CR_mcs38_nn15_nc5_ms10
cs.CR,1523,38,True,15,10,5,8,18.19,cs.CR_mcs38_nn15_nc10_ms5
cs.CR,1523,38,True,15,10,10,4,2.17,cs.CR_mcs38_nn15_nc10_ms10
cs.CR,1523,38,True,30,5,5,2,0.0,cs.CR_mcs38_nn30_nc5_ms5
cs.CR,1523,38,True,30,5,10,2,0.0,cs.CR_mcs38_nn30_nc5_ms10
cs.CR,1523,38,True,30,10,5,2,0.0,cs.CR_mcs38_nn30_nc10_ms5
cs.CR,1523,38,True,30,10,10,2,0.0,cs.CR_mcs38_nn30_nc10_ms10
cs.CR,1523,50,False,10,5,5,6,9.78,cs.CR_mcs50_nn10_nc5_ms5
cs.CR,1523,50,False,10,5,10,6,13.33,cs.CR_mcs50_nn10_nc5_ms10
cs.CR,1523,50,False,10,10,5,7,6.24,cs.CR_mcs50_nn10_nc10_ms5
cs.CR,1523,50,False,10,10,10,7,7.29,cs.CR_mcs50_nn10_nc10_ms10
cs.CR,1523,50,False,15,5,5,9,13.72,cs.CR_mcs50_nn15_nc5_ms5
cs.CR,1523,50,False,15,5,10,9,18.25,cs.CR_mcs50_nn15_nc5_ms10
cs.CR,1523,50,False,15,10,5,8,18.19,cs.CR_mcs50_nn15_nc10_ms5
cs.CR,1523,50,False,15,10,10,4,2.17,cs.CR_mcs50_nn15_nc10_ms10
cs.CR,1523,50,False,30,5,5,2,0.0,cs.CR_mcs50_nn30_nc5_ms5
cs.CR,1523,50,False,30,5,10,2,0.0,cs.CR_mcs50_nn30_nc5_ms10
cs.CR,1523,50,False,30,10,5,2,0.0,cs.CR_mcs50_nn30_nc10_ms5
cs.CR,1523,50,False,30,10,10,2,0.0,cs.CR_mcs50_nn30_nc10_ms10
cs.CR,1523,80,False,10,5,5,5,7.35,cs.CR_mcs80_nn10_nc5_ms5
cs.CR,1523,80,False,10,5,10,5,10.44,cs.CR_mcs80_nn10_nc5_ms10
cs.CR,1523,80,False,10,10,5,6,11.69,cs.CR_mcs80_nn10_nc10_ms5
cs.CR,1523,80,False,10,10,10,6,16.68,cs.CR_mcs80_nn10_nc10_ms10
cs.CR,1523,80,False,15,5,5,6,20.75,cs.CR_mcs80_nn15_nc5_ms5
cs.CR,1523,80,False,15,5,10,3,7.35,cs.CR_mcs80_nn15_nc5_ms10
cs.CR,1523,80,False,15,10,5,6,19.44,cs.CR_mcs80_nn15_nc10_ms5
cs.CR,1523,80,False,15,10,10,3,5.58,cs.CR_mcs80_nn15_nc10_ms10
cs.CR,1523,80,False,30,5,5,3,5.91,cs.CR_mcs80_nn30_nc5_ms5
cs.CR,1523,80,False,30,5,10,3,11.16,cs.CR_mcs80_nn30_nc5_ms10
cs.CR,1523,80,False,30,10,5,7,19.24,cs.CR_mcs80_nn30_nc10_ms5
cs.CR,1523,80,False,30,10,10,7,21.14,cs.CR_mcs80_nn30_nc10_ms10
cs.CR,1523,120,False,10,5,5,4,13.92,cs.CR_mcs120_nn10_nc5_ms5
cs.CR,1523,120,False,10,5,10,2,13.0,cs.CR_mcs120_nn10_nc5_ms10
cs.CR,1523,120,False,10,10,5,5,19.04,cs.CR_mcs120_nn10_nc10_ms5
cs.CR,1523,120,False,10,10,10,4,13.72,cs.CR_mcs120_nn10_nc10_ms10
cs.CR,1523,120,False,15,5,5,4,25.34,cs.CR_mcs120_nn15_nc5_ms5
cs.CR,1523,120,False,15,5,10,2,14.64,cs.CR_mcs120_nn15_nc5_ms10
cs.CR,1523,120,False,15,10,5,4,23.7,cs.CR_mcs120_nn15_nc10_ms5
cs.CR,1523,120,False,15,10,10,2,5.45,cs.CR_mcs120_nn15_nc10_ms10
cs.CR,1523,120,False,30,5,5,2,5.84,cs.CR_mcs120_nn30_nc5_ms5
cs.CR,1523,120,False,30,5,10,2,17.33,cs.CR_mcs120_nn30_nc5_ms10
cs.CR,1523,120,False,30,10,5,2,15.56,cs.CR_mcs120_nn30_nc10_ms5
cs.CR,1523,120,False,30,10,10,4,23.44,cs.CR_mcs120_nn30_nc10_ms10
cs.CR,1523,200,False,10,5,5,3,21.93,cs.CR_mcs200_nn10_nc5_ms5
cs.CR,1523,200,False,10,5,10,2,13.0,cs.CR_mcs200_nn10_nc5_ms10
cs.CR,1523,200,False,10,10,5,2,53.97,cs.CR_mcs200_nn10_nc10_ms5
cs.CR,1523,200,False,10,10,10,2,58.83,cs.CR_mcs200_nn10_nc10_ms10
cs.CR,1523,200,False,15,5,5,3,37.23,cs.CR_mcs200_nn15_nc5_ms5
cs.CR,1523,200,False,15,5,10,3,40.91,cs.CR_mcs200_nn15_nc5_ms10
cs.CR,1523,200,False,15,10,5,3,35.65,cs.CR_mcs200_nn15_nc10_ms5
cs.CR,1523,200,False,15,10,10,3,38.02,cs.CR_mcs200_nn15_nc10_ms10
cs.CR,1523,200,False,30,5,5,3,39.79,cs.CR_mcs200_nn30_nc5_ms5
cs.CR,1523,200,False,30,5,10,3,42.42,cs.CR_mcs200_nn30_nc5_ms10
cs.CR,1523,200,False,30,10,5,2,33.36,cs.CR_mcs200_nn30_nc10_ms5
cs.CR,1523,200,False,30,10,10,3,35.26,cs.CR_mcs200_nn30_nc10_ms10

